{
  "iyzico_order": {
    "iyzico_order_id": "int(11) NOT NULL AUTO_INCREMENT",
    "payment_id": "bigint(11) NOT NULL",
    "order_id": "int(11) NOT NULL",
    "total_amount": "decimal(10,2) NOT NULL",
    "status": "varchar(20) NOT NULL",
    "created_at": "timestamp DEFAULT current_timestamp",
    "PRIMARY KEY": "iyzico_order_id"
  },
  "iyzico_card": {
    "iyzico_card_id": "int(11) NOT NULL AUTO_INCREMENT",
    "customer_id": "INT(11) NOT NULL",
    "card_user_key": "varchar(50) NOT NULL",
    "api_key": "varchar(50) NOT NULL",
    "created_at": "timestamp DEFAULT current_timestamp",
    "PRIMARY KEY": "iyzico_card_id"
  }
}